{"cameraMode":{"drawMode":0,"name":"Shaded","section":"Shading Mode"},"sceneLighting":true,"audioPlay":false,"sceneViewState":{"showFog":true,"showMaterialUpdate":false,"showSkybox":true,"showFlares":true,"showImageEffects":true,"showParticleSystems":true},"in2DMode":false,"pivot":{"x":0.014319181442260743,"y":-0.0010951757431030274,"z":-0.004294753074645996},"rotation":{"x":-0.2743358612060547,"y":0.5427896976470947,"z":-0.19341635704040528,"w":-0.76987624168396},"size":8.332220077514649,"orthographic":false}